Name,Set code,Set name,Collector number,Foil,Rarity,Quantity,ManaBox ID,Scryfall ID,Purchase price,Misprint,Altered,Condition,Language,Purchase price currency
Tower Geist,INR,Innistrad Remastered,93,normal,common,1,102652,88523d44-4469-4685-8f59-dbcf255e7fe0,0.02,false,false,near_mint,en,EUR
Laboratory Maniac,INR,Innistrad Remastered,71,normal,uncommon,1,102624,7a5be94c-08b8-4964-a79d-e22ea6e94be8,0.88,false,false,near_mint,en,EUR
Component Collector,MID,Innistrad: Midnight Hunt,43,normal,common,1,63351,956b74fc-1355-4668-838b-e8927794608c,0.03,false,false,near_mint,en,EUR
Wretched Throng,INR,Innistrad Remastered,94,normal,common,2,102713,a8ecbf3e-24ea-4bce-b97b-7f96668f2e14,0.02,false,false,near_mint,en,EUR
Battleground Geist,INR,Innistrad Remastered,53,normal,common,1,102484,3507e285-fabb-45e3-af4c-52032558cf03,0.04,false,false,near_mint,en,EUR
Bigfin Bouncer,FDN,Foundations,31,normal,common,1,100882,9b1d5b76-b07e-45c6-800d-4cfce085164f,0.05,false,false,near_mint,en,EUR
Delver of Secrets // Insectile Aberration,INR,Innistrad Remastered,60,normal,common,1,102586,6904ea20-e504-47da-95a0-08739fdde260,0.25,false,false,near_mint,en,EUR
Falcon Abomination,MID,Innistrad: Midnight Hunt,52,normal,common,1,63498,f0668413-859d-4ec4-a4d8-17ec7f5b1b8b,0.06,false,false,near_mint,en,EUR
Burrog Befuddler,FDN,Foundations,504,normal,common,1,101589,c5f11ea2-cd4c-417a-804c-3df80d9ddd5f,0.16,false,false,near_mint,en,EUR
Erudite Wizard,FDN,Foundations,37,normal,common,1,100835,9273c417-0fcd-4273-b24e-afff76336d0c,0.07,false,false,near_mint,en,EUR
Exclusion Mage,FDN,Foundations,508,normal,uncommon,1,101531,62c8024e-490a-484a-bcee-da7728a64a1f,0.15,false,false,near_mint,en,EUR
Icewind Elemental,FDN,Foundations,42,normal,common,1,101629,fd0eba76-3829-408b-828f-0b223c884728,0.03,false,false,near_mint,en,EUR
Clinquant Skymage,FDN,Foundations,33,normal,uncommon,1,100357,36012810-0e83-4640-8ba7-7262229f1b84,0.12,false,false,near_mint,en,EUR
Mischievous Mystic,FDN,Foundations,47,normal,uncommon,1,100242,20d89cec-528b-4b2a-87db-e11ce0000622,0.25,false,false,near_mint,en,EUR
Storm Fleet Spy,FDN,Foundations,515,normal,uncommon,1,101367,f6c5206e-63db-44c0-86ab-f645cd358b3b,0.09,false,false,near_mint,en,EUR
Kitesail Corsair,FDN,Foundations,510,normal,common,1,101125,c82d7c6d-523c-46c9-a189-44c0bd8386d1,0.25,false,false,near_mint,en,EUR
Skyship Buccaneer,FDN,Foundations,50,normal,uncommon,1,100587,62958fc3-55dc-4b97-a070-490d6ed27820,0.02,false,false,near_mint,en,EUR
Brineborn Cutthroat,FDN,Foundations,152,normal,uncommon,1,100986,acf7aafb-931f-49e5-8691-eab8cb34b05e,0.08,false,false,near_mint,en,EUR
Spectral Sailor,FDN,Foundations,164,normal,uncommon,1,100100,03a49535-c5f3-4a6f-b333-7ac7bffdc9ae,0.13,false,false,near_mint,en,EUR
Galedrifter // Waildrifter,MID,Innistrad: Midnight Hunt,55,normal,common,1,63488,eb34c472-c6ff-4d83-ac8b-a8f279593f98,0.04,false,false,near_mint,en,EUR
Organ Hoarder,MID,Innistrad: Midnight Hunt,66,normal,common,1,63353,9716d384-88d1-415e-882f-7fed9be1adc6,0.07,false,false,near_mint,en,EUR
Unblinking Observer,MID,Innistrad: Midnight Hunt,82,normal,common,1,63324,8148063c-a509-43ac-a291-c9410c30c2f2,0.1,false,false,near_mint,en,EUR
Shipwreck Sifters,MID,Innistrad: Midnight Hunt,74,normal,common,1,63343,8f295833-a83e-4b18-8007-c7f5d78e5624,0.05,false,false,near_mint,en,EUR
Drownyard Amalgam,MID,Innistrad: Midnight Hunt,50,normal,common,1,63299,71b05d44-d987-45e1-bbd9-842dbe58c2b5,0.02,false,false,near_mint,en,EUR
Reckless Scholar,INR,Innistrad Remastered,81,normal,common,1,102784,ceb85311-a7f7-44d5-9caa-50a24fd6d00a,0.06,false,false,near_mint,en,EUR
Nebelgast Herald,INR,Innistrad Remastered,78,normal,uncommon,1,102540,51173564-cd0e-410f-82fc-3d071e6f4d17,0.15,false,false,near_mint,en,EUR
Makeshift Mauler,INR,Innistrad Remastered,73,normal,common,1,102511,404c6bb8-4c64-458f-a4aa-98beb2c6a77c,0.03,false,false,near_mint,en,EUR
Lantern Bearer // Lanterns' Lift,INR,Innistrad Remastered,72,normal,common,1,101848,0e568af8-9ddf-4efd-92ec-74a54b811c03,0.09,false,false,near_mint,en,EUR
Drunau Corpse Trawler,INR,Innistrad Remastered,63,normal,uncommon,1,102425,11b29a06-c1e1-4d81-ac50-906c94617abe,0.05,false,false,near_mint,en,EUR
Biolume Egg // Biolume Serpent,INR,Innistrad Remastered,54,normal,uncommon,1,102399,009c8a91-8c73-4e3f-9955-45344ae07832,0.05,false,false,near_mint,en,EUR
Cobbled Lancer,INR,Innistrad Remastered,56,normal,uncommon,1,102719,ad933b4d-e1e7-49cc-aa18-8eee2ec8c8a5,0.05,false,false,near_mint,en,EUR
Grappling Kraken,FDN,Foundations,39,normal,uncommon,1,101165,d1f5cab3-3fc0-448d-8252-cd55abf5b596,0.13,false,false,near_mint,en,EUR
Tolarian Terror,FDN,Foundations,167,normal,common,2,100270,2569d4f3-55ed-4f99-9592-34c7df0aab72,0.26,false,false,near_mint,en,EUR
Soul-Guide Gryff,INR,Innistrad Remastered,40,normal,common,1,102494,39388258-cf07-4f29-a379-c743ecac680b,0.04,false,false,near_mint,en,EUR
Apothecary Geist,INR,Innistrad Remastered,10,normal,common,1,102711,a79df1a1-6d60-4e5f-b4d8-668155836bb6,0.02,false,false,near_mint,en,EUR
Ambitious Farmhand // Seasoned Cathar,INR,Innistrad Remastered,8,normal,uncommon,1,102490,36cb9b12-98a3-4770-9ae0-a3b02f057c2e,0.07,false,false,near_mint,en,EUR
Crusader of Odric,INR,Innistrad Remastered,18,normal,common,1,102799,d6ae6566-3df8-4e09-b487-f0362622ca04,0.09,false,false,near_mint,en,EUR
Candlegrove Witch,MID,Innistrad: Midnight Hunt,8,normal,common,1,63467,dedfe6ea-cd43-4ec4-83a1-1f0f74e27f56,0.03,false,false,near_mint,en,EUR
Celestus Sanctifier,MID,Innistrad: Midnight Hunt,12,normal,common,1,63283,67547253-ab98-4d3a-bf95-3e109cf60a85,0.02,false,false,near_mint,en,EUR
Guardian of Pilgrims,INR,Innistrad Remastered,26,normal,common,1,102852,f87b5e18-d1a9-424b-bec5-6a80f7699600,0.04,false,false,near_mint,en,EUR
Inspiring Captain,INR,Innistrad Remastered,28,normal,common,1,102855,fb56d6ab-50bf-4407-9f30-595ef7ae9492,0.02,false,false,near_mint,en,EUR
Inspiring Paladin,FDN,Foundations,18,foil,common,1,101472,0763be06-25b2-4d6b-ab33-a1af85aeb443,0.02,false,false,near_mint,en,EUR
Thraben Inspector,INR,Innistrad Remastered,301,normal,common,1,101864,4b03e3d4-aa62-428b-9f99-3ed93506defa,0.65,false,false,near_mint,en,EUR
Spectral Shepherd,INR,Innistrad Remastered,41,foil,uncommon,1,102706,a44cc0d0-5fdf-4090-bedd-a64069831df4,0.23,false,false,near_mint,en,EUR
Slayer of the Wicked,INR,Innistrad Remastered,39,normal,uncommon,1,102781,ca4537d3-c481-49ac-826c-b51c2e9b1fcf,0.03,false,false,near_mint,en,EUR
Cathar Commando,INR,Innistrad Remastered,15,normal,common,1,102628,7cd21530-ca72-4986-a0f2-142b9f23c413,0.08,false,false,near_mint,en,EUR
Armasaur Guide,FDN,Foundations,3,normal,common,1,101591,c80fc380-0499-4499-8a60-c43844c02c9b,0.02,false,false,near_mint,en,EUR
Cat Collector,FDN,Foundations,4,normal,uncommon,1,100507,526fe356-bff1-4211-9e88-bf913ac76b1d,0.14,false,false,near_mint,en,EUR
Lunarch Veteran // Luminous Phantom,INR,Innistrad Remastered,32,normal,common,1,102520,438e3302-daf9-436b-8b08-24b3f33295f6,0.14,false,false,near_mint,en,EUR
Fiend Hunter,INR,Innistrad Remastered,22,normal,uncommon,1,102849,f606cf4d-e29b-415a-956c-b148045c44e9,0.09,false,false,near_mint,en,EUR
Resolute Reinforcements,FDN,Foundations,145,normal,uncommon,1,100841,940f3989-77cc-49a9-92e0-095a75d80f0f,0.09,false,false,near_mint,en,EUR
Vanguard Seraph,FDN,Foundations,28,normal,common,1,101503,4329c861-fc16-4a96-9c03-25af6ac2adc8,0.06,false,false,near_mint,en,EUR
Herald of Faith,FDN,Foundations,494,normal,uncommon,1,101514,5579f35b-b3d2-4342-a52b-ae36b579d044,0.16,false,false,near_mint,en,EUR
Ajani's Pridemate,FDN,Foundations,135,normal,uncommon,1,100255,222c1a68-e34c-4103-b1be-17d4ceaef6ce,0.14,false,false,near_mint,en,EUR
Leonin Skyhunter,FDN,Foundations,498,normal,uncommon,1,97173,218e0009-5f11-4348-97b8-4bc7b41f80b8,0.16,false,false,near_mint,en,EUR
Leonin Vanguard,FDN,Foundations,499,normal,uncommon,1,97171,17b25850-f1bd-4410-beec-603b2a77f264,0.9,false,false,near_mint,en,EUR
Felidar Savior,FDN,Foundations,12,normal,common,1,97191,cd092b14-d72f-4de0-8f19-1338661b9e3b,0.08,false,false,near_mint,en,EUR
Ingenious Leonin,FDN,Foundations,495,normal,uncommon,1,97192,ea566679-4202-4076-9314-142241485f6e,0.14,false,false,near_mint,en,EUR
Helpful Hunter,FDN,Foundations,16,normal,common,1,97172,1b9a0e91-80b5-428f-8f08-931d0631be14,0.18,false,false,near_mint,en,EUR
Prideful Parent,FDN,Foundations,21,normal,common,1,97188,b742117a-8a72-43b9-b05d-274829d138a2,0.08,false,false,near_mint,en,EUR
Hinterland Sanctifier,FDN,Foundations,730,normal,common,1,101532,632df69e-6377-43d0-bba5-65518a320aa5,1.16,false,false,near_mint,en,EUR
Bishop's Soldier,FDN,Foundations,491,normal,common,1,101478,16dfd7b3-6d01-4e98-aec3-b27e8e2444e8,0.1,false,false,near_mint,en,EUR
Inspiring Overseer,FDN,Foundations,496,normal,common,1,101588,c3e9aa54-e5d5-4cbb-9d2a-263b9eba398f,0.41,false,false,near_mint,en,EUR
Twinblade Paladin,FDN,Foundations,503,normal,uncommon,1,101523,5cd9e73d-de8d-486f-bbbd-a2f5d3f8f686,0.79,false,false,near_mint,en,EUR
Dazzling Angel,FDN,Foundations,9,normal,common,2,101468,027dc444-e544-4693-8653-3dcdda530162,0.14,false,false,near_mint,en,EUR
Savannah Lions,FDN,Foundations,146,normal,uncommon,2,97184,9c9ac1bc-cdf3-4fa6-8319-a7ea164e9e47,0.07,false,false,near_mint,en,EUR
Harvesttide Infiltrator // Harvesttide Assailant,MID,Innistrad: Midnight Hunt,293,normal,common,1,63179,28bc2848-b6fb-444d-b909-01c712696547,0.03,false,false,near_mint,en,EUR
Harvesttide Infiltrator // Harvesttide Assailant,MID,Innistrad: Midnight Hunt,143,normal,common,1,63196,35fdb976-291c-4824-9518-dd8c9f93fcde,0.03,false,false,near_mint,en,EUR
Tavern Ruffian // Tavern Smasher,MID,Innistrad: Midnight Hunt,163,normal,common,1,63167,1d7b2d05-ce5c-4b73-8fa6-d9b69619d58c,0.03,false,false,near_mint,en,EUR
Firespitter Whelp,FDN,Foundations,197,normal,uncommon,1,100463,4b3a4c7d-3126-4bde-9dca-cb6a1e2f37c9,0.16,false,false,near_mint,en,EUR
Kargan Dragonrider,FDN,Foundations,541,normal,common,1,101543,701aef07-4291-4dfd-b9b2-bfc26745341c,0.26,false,false,near_mint,en,EUR
Fire Elemental,FDN,Foundations,538,normal,common,1,101607,dc506f58-048d-49cc-ad8c-2eb851b08bb6,0.12,false,false,near_mint,en,EUR
Skyraker Giant,FDN,Foundations,547,normal,common,1,101526,5e3fbafb-e915-43eb-8a68-245840ba73ff,0.11,false,false,near_mint,en,EUR
Lambholt Harrier,MID,Innistrad: Midnight Hunt,145,normal,common,1,63476,e2a732ca-cd68-465f-8e44-783e1fe34e44,0.03,false,false,near_mint,en,EUR
Lightning Mauler,INR,Innistrad Remastered,163,normal,uncommon,1,102829,ea45c4fe-6e39-4c5f-b7f0-233dee1eff90,0.12,false,false,near_mint,en,EUR
Hanweir Watchkeep // Bane of Hanweir,INR,Innistrad Remastered,158,normal,common,1,102786,d067706b-e2cc-4ad5-b992-28222a8af4ad,0.04,false,false,near_mint,en,EUR
Conduit of Storms // Conduit of Emrakul,INR,Innistrad Remastered,150,normal,common,1,102710,a60c3aa0-9c6b-4fb2-8ece-b9a02c64c1cf,0.04,false,false,near_mint,en,EUR
Firebrand Archer,FDN,Foundations,196,normal,common,1,101630,fe0312f1-4c98-4b7f-8a34-0059ea80edef,0.13,false,false,near_mint,en,EUR
Heartfire Immolator,FDN,Foundations,201,foil,uncommon,1,100390,3ca38f4d-01f5-4a02-9000-01261a440dbf,0.16,false,false,near_mint,en,EUR
Axgard Cavalry,FDN,Foundations,189,normal,common,1,101631,fe3cc41a-adae-4c9b-b4d3-03f3ca862fed,0.06,false,false,near_mint,en,EUR
Dragonlord's Servant,FDN,Foundations,536,normal,uncommon,1,101499,37e35f88-a580-4b55-9c11-0b58e2f752d1,0.31,false,false,near_mint,en,EUR
Battle-Rattle Shaman,FDN,Foundations,533,normal,uncommon,1,101632,fee05f7e-d4da-4a72-8140-d505eecbdd32,0.14,false,false,near_mint,en,EUR
Volley Veteran,FDN,Foundations,550,normal,uncommon,1,101555,7fc914fe-e699-4a21-aa09-f3573d020b87,0.18,false,false,near_mint,en,EUR
Goblin Boarders,FDN,Foundations,87,normal,common,1,101506,4409a063-bf2a-4a49-803e-3ce6bd474353,0.05,false,false,near_mint,en,EUR
Raging Redcap,FDN,Foundations,543,normal,common,1,101569,9627b0a7-bda9-44df-81c9-aa70cc976331,0.09,false,false,near_mint,en,EUR
Swab Goblin,FDN,Foundations,548,normal,common,1,101565,8db11970-74c2-463d-88bb-9f88aa079eaa,0.1,false,false,near_mint,en,EUR
Goblin Smuggler,FDN,Foundations,540,normal,common,1,101518,5837ccf1-9bac-4afb-bcc9-82c5f3c0e8e2,0.16,false,false,near_mint,en,EUR
Voldaren Duelist,INR,Innistrad Remastered,181,normal,common,1,102629,7e2df669-a996-4692-9c04-7ba236595076,0.06,false,false,near_mint,en,EUR
Furyblade Vampire,INR,Innistrad Remastered,155,normal,uncommon,1,102683,95a38a53-d83a-4df7-8caa-40995b0c4235,0.16,false,false,near_mint,en,EUR
Bloodmad Vampire,INR,Innistrad Remastered,145,normal,common,1,102662,8a9747c1-ef2c-4c61-9529-abfb6ae0f964,0.06,false,false,near_mint,en,EUR
Famished Foragers,MID,Innistrad: Midnight Hunt,138,normal,common,1,63519,fdbe6937-ceda-4367-a101-562fd5e0e09d,0.11,false,false,near_mint,en,EUR
Falkenrath Perforator,MID,Innistrad: Midnight Hunt,136,normal,common,1,63429,c40998e0-d7d0-4d79-a40a-9a381debd2cb,0.12,false,false,near_mint,en,EUR
Voldaren Stinger,MID,Innistrad: Midnight Hunt,167,normal,common,1,63504,f27a7c78-3a64-42fc-8808-15b1f41976a1,0.08,false,false,near_mint,en,EUR
Spitfire Lagac,FDN,Foundations,208,normal,common,1,101496,30f600cd-b696-4f49-9cbc-5a33aa43d04c,0.13,false,false,near_mint,en,EUR
Rapacious Dragon,FDN,Foundations,544,normal,common,1,101527,5eaddac1-d8ca-4949-8140-c9193e3df921,0.22,false,false,near_mint,en,EUR
Festival Crasher,INR,Innistrad Remastered,153,normal,common,2,102800,d8d050c1-ae0c-46c1-8aa7-7cde4606105b,0.02,false,false,near_mint,en,EUR
Blood Petal Celebrant,INR,Innistrad Remastered,144,normal,common,2,102686,96db3d95-c0b8-42ff-956c-837f5f9cd40d,0.04,false,false,near_mint,en,EUR
Frenzied Goblin,FDN,Foundations,199,normal,uncommon,2,101602,d5592573-2889-40b1-b1d5-c2802482549a,0.07,false,false,near_mint,en,EUR
Noose Constrictor,INR,Innistrad Remastered,210,normal,uncommon,1,102737,b432cccb-4291-46f3-a171-919adf8b95eb,0.12,false,false,near_mint,en,EUR
Dawnhart Disciple,INR,Innistrad Remastered,191,normal,common,1,102522,4463b28a-c2c9-4cbf-951e-e3ce6b1f14cb,0.02,false,false,near_mint,en,EUR
Elvish Regrower,FDN,Foundations,104,normal,uncommon,1,100278,2694e3cd-26ed-4a10-ae55-fb84d7800253,0.14,false,false,near_mint,en,EUR
Scorned Villager // Moonscarred Werewolf,INR,Innistrad Remastered,212,normal,common,1,102836,ee539a5e-2d10-4666-9b52-5064562dd233,0.1,false,false,near_mint,en,EUR
Llanowar Elves,FDN,Foundations,227,normal,common,1,95583,6a0b230b-d391-4998-a3f7-7b158a0ec2cd,0.22,false,false,near_mint,en,EUR
Tireless Hauler // Dire-Strain Brawler,MID,Innistrad: Midnight Hunt,305,normal,common,1,63246,552bb3a5-0c2c-4dc5-aee8-1048b04e69f9,0.04,false,false,near_mint,en,EUR
Bird Admirer // Wing Shredder,MID,Innistrad: Midnight Hunt,298,normal,common,1,63302,7247d5ab-2897-4c89-a030-2947328a0c9e,0.04,false,false,near_mint,en,EUR
Dawnhart Rejuvenator,MID,Innistrad: Midnight Hunt,301,normal,common,1,63157,19b0e267-c361-4224-9b7a-2a3d1c5ac8b4,0.04,false,false,near_mint,en,EUR
Wary Thespian,FDN,Foundations,235,normal,common,1,101574,a3d62d04-0974-4cb5-9a35-5e996c6456e2,0.05,false,false,near_mint,en,EUR
Festerhide Boar,INR,Innistrad Remastered,196,normal,common,1,102736,b401dba6-c26e-45c1-b10a-12116fb1cb4e,0.07,false,false,near_mint,en,EUR
Thornweald Archer,FDN,Foundations,559,normal,common,1,100193,189f6199-f2fe-49a5-89ca-3c4cb39fbf2b,0.2,false,false,near_mint,en,EUR
Beast-Kin Ranger,FDN,Foundations,100,normal,common,1,100082,0102e0be-5783-4825-9489-713b1b1df0b2,0.02,false,false,near_mint,en,EUR
Dwynen's Elite,FDN,Foundations,218,normal,common,1,100800,89d94c28-ea2e-4a3d-935f-6b2d9f2efc7a,0.14,false,false,near_mint,en,EUR
Tajuru Pathwarden,FDN,Foundations,558,normal,common,1,101214,da20a0d3-2022-4dea-84c8-85adc5a974f8,0.19,false,false,near_mint,en,EUR
Wildheart Invoker,FDN,Foundations,561,normal,common,1,100581,60f42969-bb5c-4183-8bd3-ba87f008391d,0.07,false,false,near_mint,en,EUR
Thrashing Brontodon,FDN,Foundations,560,normal,uncommon,1,101519,592364bf-68b5-4ea0-97d6-c7cadce940fd,0.12,false,false,near_mint,en,EUR
Druid of the Cowl,FDN,Foundations,554,normal,common,1,101606,db2d0ee9-865c-4fc9-8cb6-540c597e1bf4,0.31,false,false,near_mint,en,EUR
Magnigoth Sentry,FDN,Foundations,556,normal,common,1,101517,5624e610-c4c0-4103-a32b-0f1264030a7a,0.25,false,false,near_mint,en,EUR
Mild-Mannered Librarian,FDN,Foundations,228,normal,uncommon,1,100515,5389663a-fe25-41b9-8c92-1f4d7721ffc2,0.1,false,false,near_mint,en,EUR
Wildwood Scourge,FDN,Foundations,236,normal,uncommon,1,100359,36359fb6-fb8c-4382-8555-e348422f116c,0.15,false,false,near_mint,en,EUR
Bear Cub,FDN,Foundations,552,normal,common,1,101604,d8662ebb-068b-41d2-b504-4b5854e4d4aa,0.41,false,false,near_mint,en,EUR
Spore Crawler,INR,Innistrad Remastered,218,normal,common,1,102702,a2a37c40-6d33-4e32-ab7b-4a7c2d10b757,0.06,false,false,near_mint,en,EUR
Hinterland Logger // Timber Shredder,INR,Innistrad Remastered,203,normal,common,1,102483,34898af1-ebe6-4ede-81be-23fd62844480,0.02,false,false,near_mint,en,EUR
Cackling Prowler,FDN,Foundations,101,normal,common,1,101481,1bd8e971-c075-4203-8d83-c28f22d4f9b9,0.03,false,false,near_mint,en,EUR
Shrill Howler // Howling Chorus,INR,Innistrad Remastered,214,normal,uncommon,1,102815,e414e208-2e90-4b0d-b107-7a387b3f779b,0.04,false,false,near_mint,en,EUR
Ambush Viper,INR,Innistrad Remastered,186,normal,common,1,102491,37f9be6b-ae6e-4708-9749-83bebd351102,0.14,false,false,near_mint,en,EUR
Pack Guardian,INR,Innistrad Remastered,211,normal,uncommon,1,102569,6265e9fa-3fc3-41c5-9950-cbeaae2e6187,0.04,false,false,near_mint,en,EUR
Intrepid Provisioner,INR,Innistrad Remastered,205,normal,common,1,102854,fb0b9da3-bce8-463c-ab5e-2a2e9030df97,0.04,false,false,near_mint,en,EUR
Villagers of Estwald // Howlpack of Estwald,INR,Innistrad Remastered,224,normal,common,1,102480,319b65f6-a6e6-45ea-9837-bc5831f54205,0.02,false,false,near_mint,en,EUR
Moldgraf Millipede,INR,Innistrad Remastered,208,normal,common,1,102499,3a163ec7-4c9a-4d45-965c-e5ddeb07a3e0,0.02,false,false,near_mint,en,EUR
Duskwatch Recruiter // Krallenhorde Howler,INR,Innistrad Remastered,193,normal,uncommon,1,102536,4ef68479-ab2e-4a60-886c-ad007b64f185,0.38,false,false,near_mint,en,EUR
Pestilent Wolf,MID,Innistrad: Midnight Hunt,192,normal,common,1,63475,e2686431-8d9c-4b9c-998f-38b5ae113d4a,0.08,false,false,near_mint,en,EUR
Snarling Wolf,MID,Innistrad: Midnight Hunt,199,normal,common,1,63232,4b614b21-69ed-4788-97d7-ad502b634abb,0.06,false,false,near_mint,en,EUR
Bounding Wolf,MID,Innistrad: Midnight Hunt,170,normal,common,2,63307,74e22ed6-9d39-4feb-8c64-64cdd8313816,0.07,false,false,near_mint,en,EUR
Sanguine Syphoner,FDN,Foundations,68,normal,common,1,101582,b1daf5bb-c8e9-4e79-a532-ca92a9a885cd,0.12,false,false,near_mint,en,EUR
Midnight Scavengers,INR,Innistrad Remastered,123,normal,common,1,101886,bc079c81-85e8-4a0d-83fe-533c4feaa343,0.13,false,false,near_mint,en,EUR
Graf Rats,INR,Innistrad Remastered,113,normal,uncommon,1,101894,f830ede6-ddbf-49b9-80cd-e3dbeccbf208,0.1,false,false,near_mint,en,EUR
Ecstatic Awakener // Awoken Demon,INR,Innistrad Remastered,107,normal,common,1,102716,abd587d8-2f71-4b3c-960a-d362133e967b,0.08,false,false,near_mint,en,EUR
Hungry Ghoul,FDN,Foundations,62,normal,common,1,100701,790f9433-7565-4f7f-88e8-8af762ea0296,0.05,false,false,near_mint,en,EUR
Vampire Interloper,FDN,Foundations,530,normal,common,1,97179,65455d94-487c-4104-a1a0-149515a90eaa,0.14,false,false,near_mint,en,EUR
Diregraf Ghoul,FDN,Foundations,171,normal,uncommon,1,100439,4682012c-d7e0-4257-b538-3de497507464,0.09,false,false,near_mint,en,EUR
Shady Traveler // Stalking Predator,MID,Innistrad: Midnight Hunt,120,normal,common,1,63248,55f0666a-5c3e-492b-b4ea-42fa7f24661b,0.04,false,false,near_mint,en,EUR
Arrogant Outlaw,MID,Innistrad: Midnight Hunt,84,normal,common,1,63229,496a9d45-6197-44b6-b0fc-17aeae281b2f,0.12,false,false,near_mint,en,EUR
Bat Whisperer,MID,Innistrad: Midnight Hunt,86,normal,common,1,63222,4412c901-0ec8-437a-9d1e-ce318bbe2b03,0.09,false,false,near_mint,en,EUR
Crypt Feaster,FDN,Foundations,59,normal,common,1,100382,3b072811-998a-4a71-b59c-6afecc0dc4b6,0.04,false,false,near_mint,en,EUR
Morbid Opportunist,INR,Innistrad Remastered,124,normal,uncommon,1,102445,1bfd3be4-2cea-4a88-a55f-e6ebeecd4c96,0.24,false,false,near_mint,en,EUR
Desperate Farmer // Depraved Harvester,INR,Innistrad Remastered,105,normal,common,1,102418,0ec488de-fded-4df9-97ed-ba46cbacfdbf,0.11,false,false,near_mint,en,EUR
Demonic Taskmaster,INR,Innistrad Remastered,104,normal,uncommon,1,102726,af33e187-b535-49ac-90fa-17a5ed72d920,0.14,false,false,near_mint,en,EUR
Siege Zombie,INR,Innistrad Remastered,131,normal,common,1,102678,950e6466-dfd2-4ed6-83ba-be02fe612093,0.07,false,false,near_mint,en,EUR
Suspicious Shambler,FDN,Foundations,527,normal,common,1,100393,3d2c5345-eb55-4bca-9183-b4e1404405f8,0.09,false,false,near_mint,en,EUR
Skeleton Archer,FDN,Foundations,526,normal,common,1,100708,7a959048-0d8a-41bb-8a33-52264e525085,0.1,false,false,near_mint,en,EUR
Crow of Dark Tidings,FDN,Foundations,519,normal,common,1,100307,2cd74e93-064a-42d7-8e6e-c413912a08cd,0.16,false,false,near_mint,en,EUR
Reassembling Skeleton,FDN,Foundations,182,normal,uncommon,1,100291,28e84b1b-1c05-4e1b-93b8-9cc2ca73509d,0.11,false,false,near_mint,en,EUR
Restless Bloodseeker // Bloodsoaked Reveler,INR,Innistrad Remastered,128,normal,uncommon,1,102585,68f71dcf-b0eb-43c7-9ea5-5ff7a7f991be,0.08,false,false,near_mint,en,EUR
Olivia's Dragoon,INR,Innistrad Remastered,127,normal,common,1,102550,571a9e92-6f34-4bf4-b7f4-15d12560efb6,0.06,false,false,near_mint,en,EUR
Falkenrath Torturer,INR,Innistrad Remastered,109,normal,common,1,102811,e0e896a7-fd51-4c24-b374-c4eace9ed1a2,0.06,false,false,near_mint,en,EUR
Haunted Dead,INR,Innistrad Remastered,116,normal,uncommon,1,102527,49fae417-c4f4-478c-86c4-83094306b8d4,0.09,false,false,near_mint,en,EUR
Butcher Ghoul,INR,Innistrad Remastered,99,normal,common,1,102766,c4ef03c8-2047-4170-9ac4-f26cc14ebf96,0.09,false,false,near_mint,en,EUR
Tragic Banshee,FDN,Foundations,73,normal,uncommon,1,100324,30df3e33-2f17-4067-99f1-5db6b0f41fd4,0.09,false,false,near_mint,en,EUR
Billowing Shriekmass,FDN,Foundations,56,normal,uncommon,1,100711,7b3587a9-0667-4d53-807b-c437bcb1d7b3,0.12,false,false,near_mint,en,EUR
Infestation Sage,FDN,Foundations,64,normal,common,1,101601,d40c73de-7a5f-46f2-a70b-449bc8ecfe24,0.16,false,false,near_mint,en,EUR
Vampire Spawn,FDN,Foundations,532,normal,common,1,97187,b6fc8d2e-ad63-498d-83b6-5f72b5ae0e67,0.24,false,false,near_mint,en,EUR
Vampire Neonate,FDN,Foundations,531,normal,common,1,97182,86d64a1d-cda4-4c76-8d58-ccab5a6859a0,0.28,false,false,near_mint,en,EUR
Stromkirk Bloodthief,FDN,Foundations,185,normal,uncommon,1,97176,485d6a5a-2054-47d5-91b8-71ce308ed4dc,0.05,false,false,near_mint,en,EUR
Bloodtithe Collector,FDN,Foundations,516,normal,uncommon,1,97193,ff16d951-dd85-4d22-9505-ce6e2eaf47cf,0.07,false,false,near_mint,en,EUR
Highborn Vampire,FDN,Foundations,522,normal,common,1,97177,53c56a23-eb4f-4be1-ada9-1ad5b80195d3,0.05,false,false,near_mint,en,EUR
Vengeful Bloodwitch,FDN,Foundations,76,normal,uncommon,1,97189,bd0c12dd-f138-45c0-9614-d83a1d8e8399,0.35,false,false,near_mint,en,EUR
Indulgent Aristocrat,INR,Innistrad Remastered,118,normal,uncommon,2,102407,07015524-874f-4856-a5c1-3148bd126886,0.13,false,false,near_mint,en,EUR
Broken Wings,FDN,Foundations,214,normal,common,1,100584,61f9cbeb-cc9c-4562-be65-8a77053faefe,0.06,false,false,near_mint,en,EUR
New Horizons,FDN,Foundations,557,normal,common,1,101559,86b3923c-c35c-4eb2-9dd3-b15c13778ecf,0.16,false,false,near_mint,en,EUR
Snakeskin Veil,FDN,Foundations,233,normal,uncommon,1,100645,6cc4c21d-9bdc-4490-9203-17f51db0ddd1,0.12,false,false,near_mint,en,EUR
Bite Down,FDN,Foundations,212,normal,common,1,101625,f8d70b3b-f6f9-4b3c-ad70-0ce369e812b5,0.06,false,false,near_mint,en,EUR
Giant Growth,FDN,Foundations,223,normal,common,1,101073,bd0bf74e-14c1-4428-88d8-2181a080b5d0,0.02,false,false,near_mint,en,EUR
Wild Hunger,INR,Innistrad Remastered,225,normal,uncommon,1,102561,5d42861d-4dff-41c6-83bb-d599230f7ed1,0.03,false,false,near_mint,en,EUR
Spider Spawning,INR,Innistrad Remastered,216,normal,uncommon,1,101888,c229cbde-f370-4fef-8765-9773d516324a,0.09,false,false,near_mint,en,EUR
Shadowbeast Sighting,MID,Innistrad: Midnight Hunt,198,normal,common,1,63160,1b12e978-4deb-4ccc-8ae6-462bc4598c90,0.07,false,false,near_mint,en,EUR
Tapping at the Window,MID,Innistrad: Midnight Hunt,201,normal,common,1,63413,ba75dc52-7ab2-43ec-afac-0a9bcf24cde9,0.05,false,false,near_mint,en,EUR
Grow from the Ashes,FDN,Foundations,225,normal,common,1,101502,42525f8a-aee7-4811-8f05-471b559c2c4a,0.08,false,false,near_mint,en,EUR
Joraga Invocation,FDN,Foundations,555,normal,uncommon,1,100087,01ceca57-65f4-4f99-bd14-9fe5f86c1f62,0.19,false,false,near_mint,en,EUR
Felling Blow,FDN,Foundations,105,normal,uncommon,1,100854,96948ae3-b15d-4d6d-aa73-9f52084cd903,0.07,false,false,near_mint,en,EUR
Biogenic Upgrade,FDN,Foundations,553,normal,uncommon,1,101618,ef20af5e-1ffe-426a-805a-ca4a6a122260,0.4,false,false,near_mint,en,EUR
Ulvenwald Mysteries,INR,Innistrad Remastered,222,normal,uncommon,1,101877,8a3997f1-5b02-4ca5-a390-fedb5874b575,0.06,false,false,near_mint,en,EUR
Garruk's Uprising,FDN,Foundations,220,normal,uncommon,1,100447,4805c303-e73b-443b-a09f-49d2c2c88bb5,0.49,false,false,near_mint,en,EUR
Travel Preparations,INR,Innistrad Remastered,220,normal,uncommon,2,102515,41190fb8-f5d5-4a8b-bdc8-a4516e7075b5,0.06,false,false,near_mint,en,EUR
Abundant Growth,INR,Innistrad Remastered,184,normal,common,2,102789,d15adc93-1a71-453b-8277-4a525a9cbc7b,0.18,false,false,near_mint,en,EUR
Grapple with the Past,INR,Innistrad Remastered,199,normal,common,2,102405,06e0c180-2275-461a-86e7-8ccdc5f47938,0.14,false,false,near_mint,en,EUR
Bound by Moonsilver,INR,Innistrad Remastered,13,normal,common,1,102573,647f5c2f-3ced-4397-a366-6f0e57582566,0.05,false,false,near_mint,en,EUR
Gather the Townsfolk,INR,Innistrad Remastered,23,normal,common,1,102639,81bd1cd0-fa8c-4e93-aebe-dfde70ac002b,0.11,false,false,near_mint,en,EUR
Banishing Light,FDN,Foundations,138,foil,common,1,101613,e38dc3b3-1629-491b-8afd-0e7a9a857713,0.14,false,false,near_mint,en,EUR
Faith Unbroken,INR,Innistrad Remastered,21,normal,uncommon,1,102541,514df7e7-3050-41ce-bd44-f215bbcfd1c5,0.13,false,false,near_mint,en,EUR
Twinblade Blessing,FDN,Foundations,26,normal,uncommon,1,101310,ecf01cbe-9fcb-4f35-bc6b-2280620b06ff,0.16,false,false,near_mint,en,EUR
Make Your Move,FDN,Foundations,143,normal,common,1,101546,7368f861-3288-4645-90a7-ca35d6da3721,0.04,false,false,near_mint,en,EUR
Blessed Defiance,MID,Innistrad: Midnight Hunt,5,normal,common,1,63152,1555cdcb-3471-4ee7-99c3-d05311bf433c,0.07,false,false,near_mint,en,EUR
Flare of Faith,MID,Innistrad: Midnight Hunt,19,normal,common,1,63162,1b4354c6-ea21-46c0-93c4-744dbacbfcf4,0.07,false,false,near_mint,en,EUR
Valorous Stance,INR,Innistrad Remastered,48,normal,uncommon,1,102403,04762c85-d25d-4120-adec-8681adcf581a,0.1,false,false,near_mint,en,EUR
Strength of Arms,INR,Innistrad Remastered,42,normal,common,1,102698,a08fb8ec-6890-48f9-97db-0584a9a77578,0.03,false,false,near_mint,en,EUR
Pacifism,FDN,Foundations,501,normal,common,1,97181,839160d2-44a3-4566-be9d-558d043beac8,0.22,false,false,near_mint,en,EUR
Prayer of Binding,FDN,Foundations,502,normal,uncommon,1,101573,a30b42c4-90d8-462d-aca5-891906992ab8,0.25,false,false,near_mint,en,EUR
Adamant Will,FDN,Foundations,488,normal,common,1,101483,1fd2c9ab-b3dd-4f68-b91f-0f075a045757,0.14,false,false,near_mint,en,EUR
Moment of Triumph,FDN,Foundations,500,normal,common,1,97183,911deea0-38d2-41d9-a2ae-fb8eb45b2c23,0.4,false,false,near_mint,en,EUR
Elspeth's Smite,FDN,Foundations,493,normal,uncommon,1,97186,b405a442-cf6f-4c0b-9950-f208b30c052e,0.21,false,false,near_mint,en,EUR
Deadly Riposte,FDN,Foundations,492,normal,common,1,101535,65f5804a-075b-41d8-9639-785cad5c0974,0.17,false,false,near_mint,en,EUR
Angelic Edict,FDN,Foundations,490,normal,common,1,97190,c0bf349e-2974-4aea-a5c0-fdaea77325cc,0.19,false,false,near_mint,en,EUR
Hedgewitch's Mask,MID,Innistrad: Midnight Hunt,23,normal,common,1,63354,97321072-1f7f-413b-9246-e6b3ec7a8c30,0.11,false,false,near_mint,en,EUR
Gryff's Boon,INR,Innistrad Remastered,25,normal,uncommon,1,102697,a01e7a3f-9654-4f72-8adc-20dad0b5d14e,0.16,false,false,near_mint,en,EUR
Twinblade Blessing,FDN,Foundations,26,foil,uncommon,1,101310,ecf01cbe-9fcb-4f35-bc6b-2280620b06ff,0.28,false,false,near_mint,en,EUR
Lunarch Mantle,INR,Innistrad Remastered,31,normal,common,1,102636,8092b454-4c74-439b-9c74-5d90b29c4e9d,0.03,false,false,near_mint,en,EUR
Ancestral Anger,INR,Innistrad Remastered,141,normal,common,3,102837,eeaca66d-23bd-4e8f-8d4a-c5864dd447be,0.09,false,false,near_mint,en,EUR
Neonate's Rush,INR,Innistrad Remastered,166,normal,common,1,102451,1d623e71-05bd-46d6-b831-2c8dcff7ab45,0.02,false,false,near_mint,en,EUR
Carnelian Orb of Dragonkind,FDN,Foundations,534,normal,common,1,101620,f0c07546-c5a1-4dfc-b5e1-d697578a8c11,1.33,false,false,near_mint,en,EUR
Goblin Oriflamme,FDN,Foundations,539,normal,uncommon,1,101467,0259e4d8-849b-468e-a902-aa1d7f2d5b6a,0.18,false,false,near_mint,en,EUR
Burning Vengeance,INR,Innistrad Remastered,147,normal,uncommon,1,102493,389c7393-a10d-48c0-8b64-73faa8f7d3d4,0.06,false,false,near_mint,en,EUR
Kindled Fury,FDN,Foundations,542,normal,common,1,101580,af158462-91e3-4ad7-b435-95d4eb32fe0a,0.14,false,false,near_mint,en,EUR
Fiery Annihilation,FDN,Foundations,86,normal,uncommon,1,100523,54fe00aa-d284-48f9-b5a2-1bd4c5fa8e58,0.13,false,false,near_mint,en,EUR
Scorching Dragonfire,FDN,Foundations,545,normal,common,1,101507,44ea09c1-d420-4e99-a968-ade614579287,0.26,false,false,near_mint,en,EUR
Dragon Fodder,FDN,Foundations,535,normal,common,1,101626,f9abe517-f601-4784-8d62-2350bd755146,0.13,false,false,near_mint,en,EUR
Incinerating Blast,FDN,Foundations,90,normal,common,1,101603,d58e20ab-c5ca-4295-884d-78efdaa83243,0.05,false,false,near_mint,en,EUR
Seize the Spoils,FDN,Foundations,546,normal,common,1,101619,efcf7e75-5de2-45cc-9275-caccd73214fa,0.42,false,false,near_mint,en,EUR
Stolen Vitality,MID,Innistrad: Midnight Hunt,161,normal,common,1,63451,d50df2dd-8d14-4d92-ab4e-bf9f9f147e91,0.11,false,false,near_mint,en,EUR
Sure Strike,FDN,Foundations,209,normal,common,1,101525,5de6a1e4-5c66-43e6-9f2a-2635bdab03f6,0.02,false,false,near_mint,en,EUR
Uncaged Fury,INR,Innistrad Remastered,177,normal,uncommon,1,102807,de8f4d5b-ea3c-4d01-b163-2fcfb1bcca8e,0.11,false,false,near_mint,en,EUR
Savage Alliance,INR,Innistrad Remastered,169,normal,uncommon,1,102546,54bebcf4-7697-4b2d-9160-243cd447c1d4,0.09,false,false,near_mint,en,EUR
Lightning Axe,INR,Innistrad Remastered,162,normal,uncommon,1,102669,90911c79-24c3-4566-b72c-02ccde083f1b,0.12,false,false,near_mint,en,EUR
Alchemist's Greeting,INR,Innistrad Remastered,140,normal,common,1,102847,f36e2146-b6a9-4b61-9ccf-969a2c79b747,0.03,false,false,near_mint,en,EUR
Seize the Storm,INR,Innistrad Remastered,170,normal,common,1,102523,45ec2af6-8397-429f-900f-846a5056f8e0,0.03,false,false,near_mint,en,EUR
Abrade,INR,Innistrad Remastered,139,normal,common,2,102860,fee393c7-1868-4d11-93c3-3d143e0c8dd9,0.1,false,false,near_mint,en,EUR
Secrets of the Key,MID,Innistrad: Midnight Hunt,73,normal,common,2,63364,9b022ba8-07b6-4993-99c8-89c6dcb19e60,0.09,false,false,near_mint,en,EUR
Quick Study,FDN,Foundations,513,normal,common,1,101473,098c86fd-5a38-41fd-be44-ab963448f2a2,0.26,false,false,near_mint,en,EUR
Syncopate,INR,Innistrad Remastered,89,normal,common,1,102690,9aebd769-7ae3-4dac-81ea-458061762cce,0.09,false,false,near_mint,en,EUR
Arcane Epiphany,FDN,Foundations,29,normal,uncommon,1,100116,06431793-5dfe-4cbf-990b-4bcc960d1f31,0.08,false,false,near_mint,en,EUR
Essence Flux,INR,Innistrad Remastered,64,normal,common,1,102778,c94b37df-aaa5-4981-be3b-c934a7971123,0.38,false,false,near_mint,en,EUR
Think Twice,FDN,Foundations,315,foil,common,1,100411,40a7e9bb-0772-4539-bbf9-7a95d5e47947,0.31,false,false,near_mint,en,EUR
Revenge of the Drowned,MID,Innistrad: Midnight Hunt,72,normal,common,1,63349,93be7d72-927a-40ce-8de4-04a3f21c134b,0.05,false,false,near_mint,en,EUR
Flip the Switch,MID,Innistrad: Midnight Hunt,54,normal,common,1,63263,5cdbe4e3-f030-46fa-ae84-edf261b61706,0.06,false,false,near_mint,en,EUR
Startle,MID,Innistrad: Midnight Hunt,78,normal,common,1,63195,35f68eb3-9b40-4967-a52e-f95aec6e3fbf,0.06,false,false,near_mint,en,EUR
Opt,FDN,Foundations,512,normal,common,1,100539,58d26b54-0093-4e90-a2b1-b57c64340f9c,0.17,false,false,near_mint,en,EUR
Cancel,FDN,Foundations,505,normal,common,1,100443,475bff39-220a-4490-9c2e-d311e306a6db,0.16,false,false,near_mint,en,EUR
Fleeting Distraction,FDN,Foundations,155,normal,common,1,101587,c0b86a7b-4912-43a7-ab89-c3432385baa1,0.07,false,false,near_mint,en,EUR
Into the Roil,FDN,Foundations,509,normal,common,1,101486,25edefa9-9fff-4b71-83ae-696c196a795c,0.16,false,false,near_mint,en,EUR
Soulcipher Board // Cipherbound Spirit,INR,Innistrad Remastered,85,normal,uncommon,1,102607,73e7ed48-8f7b-4bdf-bade-a09597ceafcd,0.02,false,false,near_mint,en,EUR
Silent Departure,INR,Innistrad Remastered,84,normal,common,1,102532,4d1552e7-20b2-42b0-af47-6618ab163115,0.05,false,false,near_mint,en,EUR
Rise from the Tides,INR,Innistrad Remastered,82,normal,uncommon,1,102700,a16fccff-ca97-4416-b42f-86d314b1d0af,0.13,false,false,near_mint,en,EUR
Eaten by Piranhas,FDN,Foundations,507,normal,uncommon,1,100444,475e28bb-1333-45e1-b6fd-83121c2f1ab9,0.32,false,false,near_mint,en,EUR
Imprisoned in the Moon,INR,Innistrad Remastered,69,normal,common,1,102416,0d150547-09f5-45ce-a825-89944b066bd4,0.11,false,false,near_mint,en,EUR
Starlight Snare,FDN,Foundations,514,normal,common,1,101549,74fb19b2-4f6c-4cbd-8756-a7eb5c7c9ef6,0.11,false,false,near_mint,en,EUR
Uncharted Voyage,FDN,Foundations,53,normal,common,1,101611,e0846820-e595-4743-8a28-29c57d728677,0.03,false,false,near_mint,en,EUR
Essence Scatter,FDN,Foundations,153,foil,uncommon,1,101226,dd05c850-f91e-4ffb-b4cc-8418d49dad90,0.12,false,false,near_mint,en,EUR
Murderous Compulsion,INR,Innistrad Remastered,126,foil,common,1,102563,5fca1faf-bd47-45cd-a2d9-b2efbc75cbb5,0.07,false,false,near_mint,en,EUR
Eaten Alive,INR,Innistrad Remastered,106,foil,common,1,102431,143d278d-d99b-42da-9fbd-9ab70526d53a,0.19,false,false,near_mint,en,EUR
Triskaidekaphobia,INR,Innistrad Remastered,136,normal,uncommon,1,101859,3354807e-bea0-4903-8010-06618af4c700,0.1,false,false,near_mint,en,EUR
Murderous Compulsion,INR,Innistrad Remastered,126,normal,common,1,102563,5fca1faf-bd47-45cd-a2d9-b2efbc75cbb5,0.04,false,false,near_mint,en,EUR
Eaten Alive,INR,Innistrad Remastered,106,normal,common,1,102431,143d278d-d99b-42da-9fbd-9ab70526d53a,0.1,false,false,near_mint,en,EUR
Village Rites,INR,Innistrad Remastered,137,normal,common,1,102519,42ed35e9-51cd-468a-86a9-9412553cf50d,0.25,false,false,near_mint,en,EUR
Untamed Hunger,FDN,Foundations,529,normal,common,1,97168,05937911-897b-4638-9536-2e463884f453,0.09,false,false,near_mint,en,EUR
No Way Out,MID,Innistrad: Midnight Hunt,116,normal,common,1,63460,d9ef6a68-60a4-4a20-8b57-8b7a7c5ed0c6,0.09,false,false,near_mint,en,EUR
Cemetery Recruitment,FDN,Foundations,517,normal,common,1,100346,34a80873-86d7-44a9-894b-65e8f77dd2ea,0.21,false,false,near_mint,en,EUR
Killing Wave,INR,Innistrad Remastered,121,normal,uncommon,1,102794,d412f946-9063-49da-adb8-1248b828b286,0.31,false,false,near_mint,en,EUR
Offer Immortality,FDN,Foundations,525,normal,common,1,97180,6d5802ed-507d-4a52-90e3-d989cd61961b,0.32,false,false,near_mint,en,EUR
Hero's Downfall,FDN,Foundations,175,normal,uncommon,1,97185,ad2c01d9-8f54-46c0-9dc9-d4d4764ce1c9,0.15,false,false,near_mint,en,EUR
Moment of Craving,FDN,Foundations,524,normal,common,1,97174,3627f9fb-b828-49cd-887d-e2ab3ef43dfb,0.18,false,false,near_mint,en,EUR
Vampiric Rites,FDN,Foundations,615,normal,uncommon,1,100875,9ae0b1e0-a481-4a98-b67b-0cf8bac53fdd,0.27,false,false,near_mint,en,EUR
Bladebrand,MID,Innistrad: Midnight Hunt,87,normal,common,1,63278,64d4713d-321a-447f-a318-88b552ec5d0c,0.06,false,false,near_mint,en,EUR
Blood Pact,MID,Innistrad: Midnight Hunt,88,normal,common,1,63268,607b1066-1ca0-45e1-a55c-30aed77cc8dc,0.14,false,false,near_mint,en,EUR
Deadly Plot,FDN,Foundations,520,normal,uncommon,1,101012,b32fddc3-a38f-4eea-ae01-4158e3cbca6c,0.25,false,false,near_mint,en,EUR
Crawl from the Cellar,INR,Innistrad Remastered,102,normal,common,3,102619,79563dd1-640c-4ebd-a347-0b71439b79d3,0.08,false,false,near_mint,en,EUR
Gisa's Bidding,INR,Innistrad Remastered,111,normal,common,3,102557,5ad2fdbf-4a68-42e8-9c4f-7a075261ddf8,0.06,false,false,near_mint,en,EUR
Goblin Firebomb,FDN,Foundations,562,normal,common,1,101515,55ab3f99-9541-4100-818c-5d9e916791e4,0.08,false,false,near_mint,en,EUR
Quick-Draw Katana,FDN,Foundations,130,normal,common,1,101540,69beec98-c89c-4673-953c-8b3ef3d81560,0.08,false,false,near_mint,en,EUR
Pirate's Cutlass,FDN,Foundations,563,normal,common,1,101209,d9d20aef-d35b-4353-a241-e6cfa9730975,0.02,false,false,near_mint,en,EUR
Soul Separator,INR,Innistrad Remastered,270,normal,uncommon,1,102801,d9357606-e192-47e8-b9cd-e1a567903754,0.07,false,false,near_mint,en,EUR
Cobbled Wings,INR,Innistrad Remastered,258,normal,common,1,102823,e8bb16f6-71b2-4338-a546-27f37f50e811,0.05,false,false,near_mint,en,EUR
Angel's Tomb,INR,Innistrad Remastered,253,normal,uncommon,1,102738,b465d09e-efad-48b6-a89a-f7da0c572991,0.1,false,false,near_mint,en,EUR
Butcher's Cleaver,INR,Innistrad Remastered,256,normal,uncommon,1,102505,3c55bce1-8746-4554-9876-f443c37a125b,0.05,false,false,near_mint,en,EUR
Fishing Pole,FDN,Foundations,128,normal,uncommon,1,101128,c95ab836-3277-4223-9aaa-ef2c77256b65,0.1,false,false,near_mint,en,EUR
Harvest Hand // Scrounged Scythe,INR,Innistrad Remastered,265,normal,common,2,102596,6f29b655-f70f-4b30-9253-c7944bfee524,0.04,false,false,near_mint,en,EUR
Geistcatcher's Rig,INR,Innistrad Remastered,264,normal,uncommon,1,102415,0b8f741c-919e-457d-8a02-c7282c1305ec,0.02,false,false,near_mint,en,EUR
Wild-Field Scarecrow,INR,Innistrad Remastered,274,normal,common,1,102429,13629238-f907-47b7-bdba-164e38c7b6d2,0.11,false,false,near_mint,en,EUR
Grizzled Angler // Grisly Anglerfish,INR,Innistrad Remastered,67,normal,uncommon,1,102439,16c0bb08-36b3-41e2-a5a9-2fcd6bb49beb,0.04,false,false,near_mint,en,EUR
It of the Horrid Swarm,INR,Innistrad Remastered,6,foil,common,1,101885,ba983caf-72b4-419e-84dc-1ad0215a865c,0.04,false,false,near_mint,en,EUR
Abundant Maw,INR,Innistrad Remastered,1,normal,common,1,102769,c5620c22-910c-4d33-a5e9-4c4eac8c6304,0.18,false,false,near_mint,en,EUR
It of the Horrid Swarm,INR,Innistrad Remastered,6,normal,common,1,101885,ba983caf-72b4-419e-84dc-1ad0215a865c,0.03,false,false,near_mint,en,EUR
Wretched Gryff,INR,Innistrad Remastered,7,normal,common,2,102602,722b519a-715d-4393-9d3c-97f329896ef4,0.06,false,false,near_mint,en,EUR
Gleaming Barrier,FDN,Foundations,252,normal,common,1,101479,1b49b009-e6f2-494a-9235-f5c25c2d70a9,0.08,false,false,near_mint,en,EUR
Traveler's Amulet,INR,Innistrad Remastered,273,normal,common,4,102467,26a7e5f0-0d60-4118-ad10-b27c7382511a,0.09,false,false,near_mint,en,EUR
"Tatyova, Benthic Druid",FDN,Foundations,247,normal,uncommon,1,101301,eabc978a-0666-472d-bdc6-d4b29d29eca4,0.1,false,false,near_mint,en,EUR
Bloodtithe Harvester,INR,Innistrad Remastered,233,normal,uncommon,1,102723,ae4aec0d-c853-44e6-9f51-cbecf413ea14,0.13,false,false,near_mint,en,EUR
Perforating Artist,FDN,Foundations,124,foil,uncommon,1,100674,72980409-53f0-43c1-965e-06f22e7bb608,0.15,false,false,near_mint,en,EUR
Empyrean Eagle,FDN,Foundations,239,foil,uncommon,1,100533,577e99a7-4a55-4314-8f08-2ae0c33b85c7,0.39,false,false,near_mint,en,EUR
Markov Waltzer,INR,Innistrad Remastered,245,normal,uncommon,1,102460,231f4da2-8756-4f99-a46f-b8afe9adb80d,0.11,false,false,near_mint,en,EUR
"Ruby, Daring Tracker",FDN,Foundations,245,normal,uncommon,1,101405,fe3e7dd2-b66d-4218-9fde-f84bec26b7bf,0.1,false,false,near_mint,en,EUR
Perforating Artist,FDN,Foundations,124,normal,uncommon,1,100674,72980409-53f0-43c1-965e-06f22e7bb608,0.15,false,false,near_mint,en,EUR
Grizzly Ghoul,INR,Innistrad Remastered,240,normal,uncommon,2,102462,2581106f-13fc-4b47-8a91-aa74c4f46ecd,0.03,false,false,near_mint,en,EUR